nose_x,left_eye_x,right_eye_x,left_ear_x,right_ear_x,left_shoulder_x,right_shoulder_x,left_elbow_x,right_elbow_x,left_wrist_x,right_wrist_x,left_hip_x,right_hip_x,left_knee_x,right_knee_x,left_ankle_x,right_ankle_x,nose_y,left_eye_y,right_eye_y,left_ear_y,right_ear_y,left_shoulder_y,right_shoulder_y,left_elbow_y,right_elbow_y,left_wrist_y,right_wrist_y,left_hip_y,right_hip_y,left_knee_y,right_knee_y,left_ankle_y,right_ankle_y
1373.9502701532276,1375.0814150855654,1368.6890407743906,1347.608619508289,1361.3925708589097,1337.938894907633,1357.106959206717,1328.539399828229,1376.5783636910573,,1399.6783559890023,1314.9793485005696,1333.6965035938076,1292.2679007393967,1348.6868247985838,1271.4253914242697,1326.9269007728215,750.153585524786,745.7048752194355,747.1819381713866,746.8179149627683,750.5845242454894,754.5890944344654,772.7314164297919,781.2601725260417,797.7690892900739,,798.7561451139903,808.7111692882718,817.2123374938963,844.6814041137693,838.5667975289477,868.9454156784781,874.4640546526226
1370.5744955880307,1367.511038643973,1366.8631602696012,1354.011711665562,1368.010262625558,1345.4511190141948,1362.9417501177106,1344.6045733860556,1378.4720524379186,,1401.868229457311,1322.2489416939873,1340.1114512852255,1301.5230985368996,1349.8560594831197,1275.9834807259695,1326.172430310931,753.7816341945103,749.5010555812288,750.4473149435861,745.5681495666503,749.4245071411136,754.0518608093261,770.9255736214773,758.6407606942315,796.3685275486538,,801.2712669372562,805.6785905020577,814.6136708940777,838.4831771850585,841.8497358049664,866.3578044346398,874.0569141932898
1370.5744955880307,1364.6721474783758,1367.4233638218473,1360.4167273385183,1374.5833326067245,1352.4855760846817,1369.0752138410298,1356.2676816667827,1382.035486493792,1356.2106966291158,1405.6074861798977,1329.382289886475,1346.4795690264016,1310.9267011369975,1351.4683712550577,1282.7207919529508,1326.2333232334688,753.7816341945104,750.9246232169014,751.5392039162773,744.1814065660749,748.0076751708988,752.9956545148576,769.1773027692522,742.4017034258164,794.941012791225,732.022324698312,802.5604280744285,803.0355666024343,812.2410975864955,832.9727935791016,844.3429489135742,863.0236958095003,873.5749827793669
1373.9502701532285,1366.5647415887756,1370.3696514311305,1366.823666527159,1381.11178080241,1359.0422661190955,1375.5073503766753,1363.5287246704115,1387.2686658586788,1356.315495445616,1410.8961261567629,1336.3793930780332,1352.8008568173377,1320.4787085396915,1353.5237601143986,1291.6373251052141,1327.1095795404358,750.1535855247868,749.9755781264539,750.4576050894609,742.657685961043,746.3340283348455,751.4204755510609,767.4866038731172,732.5430007207968,793.4865450177881,732.1369865054182,802.6236285255077,800.7820975894026,810.0946175711504,828.1502532958991,846.0464368547721,858.9430898030607,873.0182604108546
1382.0521291097018,1372.2425239199697,1373.6755865187884,1373.4537168230345,1387.6218247186584,1364.9952650524335,1382.2539945329952,1366.3652648925795,1394.0748182024288,1356.5148398989736,1420.317302885511,1342.9805257888079,1358.4332460675932,1329.2347172328418,1355.942103068035,1301.7299561273496,1328.9487678891148,741.4462687174487,747.128442855109,747.8022633507146,741.2916721162348,744.2350983392631,749.5655779157373,766.0972936721082,728.1649373372403,792.4759899321064,732.6162919544046,802.6480767386308,799.1395158313577,808.4914699736103,824.3885272798092,847.5019051688066,853.5664876302092,872.1854596819204
1391.5042978922538,,,1379.9103949410587,1394.255050659181,1370.6168263753268,1389.1609925769637,1361.7490895589203,1402.9528626941512,1356.9934343610503,1423.929822649276,1350.1208361671097,1365.0260859898171,1339.6993800572,1358.568014962334,1316.0990322658008,1328.079286847797,731.2877324422208,,,739.4305354527071,742.2792114984429,747.030952453614,764.010314214798,734.8268563406815,791.0124301002147,733.2912597656257,799.3334673926952,797.7154337565112,806.9567275274376,820.5166466122589,847.8700975690576,848.3932756696437,874.592325119746
1399.2657180059537,1396.8462473551444,1391.8374684651706,1385.3703064691467,1399.6320720854274,1375.7982511974528,1396.7641401745036,1361.7714084443605,1412.8679751441605,1357.6342086792006,1431.40592302595,1357.1701009841204,1372.4620415823815,1352.2269036429282,1361.0196885608502,1332.101259504047,1335.169110979354,722.4239091419045,734.7908566792813,735.8870938618984,736.503291357132,740.142030625117,743.5502450125565,762.0707495553161,737.3603221348361,787.8506309872589,732.8515308925091,793.3170140584317,796.0614260718943,804.5035502115893,815.2574186779211,847.623820713589,843.8573223295674,869.5923876081201
1403.3979750133708,1408.275339762371,1399.5130084809816,1390.2593656267452,1405.2164204915377,1379.8305504208533,1404.6481388637012,1364.1346054077162,1422.8797462100088,1359.905936104912,1435.9796629406171,1364.6701449439652,1380.4401822771356,1361.871776035855,1365.5483293079208,1352.6018518720366,1342.197710309711,718.3050104777026,729.1283563886377,730.5996847606848,733.8725397019166,737.6065612066367,741.5810234433136,759.5004345121845,740.1484698341014,781.882272266207,734.2391564505447,784.8364421299533,794.867161705381,802.4640372140075,817.0016595749636,844.9863528297069,839.3748633975082,861.9397691999171
1402.3626679920026,1413.3739424205974,1404.0775240943558,1394.900568644207,1410.0203984578463,1384.5739764258988,1413.2575549171097,1369.436700730098,1434.018030075801,1364.8411342075906,1441.1846567789726,1372.9931353614456,1389.6366740635476,1374.580409822011,1369.820221673876,1375.5526181175608,1360.56764984131,721.676968892416,726.0934257507331,727.5532680693134,732.1580717904235,735.1047323317762,741.8109813871845,756.2594284784234,741.7036358061298,774.1634187244241,732.9895095825202,772.4505288260332,794.3297489711224,800.9728611537396,817.7483287992939,841.0323588053393,835.1346224830272,850.2142181396492
1403.414849780856,1409.4018245878688,1403.6941143217555,1400.4847088768383,1415.6368927728577,1390.672458103726,1422.1612112862736,1374.6876093546562,1440.4330960228342,1373.327658880326,1448.616116478331,1382.9122020176492,1399.8588296799446,1392.9005021594833,1381.8337787446535,1398.3252650669656,1385.412191118514,722.2247416178392,728.4411021641329,729.0288289388028,731.8968702043812,733.3176879882819,743.4132385253913,753.000706627256,741.779839651926,761.6003141857336,732.1541575477244,761.8596064249682,793.6322145007913,799.0208703903933,819.105772472564,835.1170995803113,833.5306861514146,840.2747846330924
1408.0798434302933,1411.5556593395427,1408.5288943336136,1406.969742184595,1422.5228304181792,1397.897168114073,1431.2146519252246,1384.1523655482715,1443.2530408586788,1385.6207693190815,1452.1064460391103,1392.9630562918542,1410.2975732712532,1403.7546946207697,1399.4804425920772,1416.2665637788332,1411.3350045340417,722.6942610967733,728.2482957385841,727.5083859761563,731.8073408944274,731.9152679443366,745.2626949491962,751.0233030773352,743.24030049642,755.3485701424743,733.1907770066041,748.9534657796231,794.0669875372032,798.4320122855057,819.7851453508657,827.8429579961876,833.0077194940484,834.4037032354454
1414.1605329967692,1414.9852196829672,1415.6669024512894,1414.442657834009,1429.8319182623013,1405.8435647147055,1440.1379772367945,1392.2860467093344,1445.4477088564931,1395.4111048380546,1448.6306217738575,1403.6591571626223,1421.0314047677189,1411.821284339543,1418.0254022507454,1430.3143452235645,1427.9674308413564,722.9290208362404,727.639413924445,726.263128008162,732.3080734979546,731.4651222229011,746.4346607753216,749.5259977068226,743.7551890781954,755.1746949695413,734.8364804585781,741.0038444882355,794.4490338280095,797.660215831939,817.5007175263912,819.8869621640167,835.3900466192345,836.4475998651421
1419.4598025367386,1418.6254668462857,1424.5440317789726,1422.8580216907333,1437.5686765398311,1413.8170467558375,1448.4372660319023,1401.4064912341905,1448.8591112409333,1406.1808540707557,1447.169062296551,1412.8984236944302,1431.6762517293307,1418.3332312447696,1432.5429716564372,1434.8279745919376,1440.100332714264,722.7725143432624,726.8407739911768,725.7461831229081,732.1113177708224,731.4777846563437,746.6854585920069,748.5111178443552,744.0335896809902,758.183494749524,736.2261675880075,738.6499397641144,794.9703078497032,796.8007612682532,814.3666112990613,815.6345381963828,838.0001148042232,836.2617296491358
1420.1008104596833,1416.1044736589718,1432.4120926629944,1430.7927206130269,1445.5336169288287,1421.187896001908,1455.847299484981,1412.2892684936537,1453.3739060901476,1415.577193123955,1442.341973440989,1419.8637651715972,1439.668397449313,1421.6669518607018,1442.9867539178772,1433.857081095379,1438.9313725062793,722.4928025745216,727.0244289579853,725.5501142229359,731.6919185093477,731.2242989313042,746.6557933262422,747.2850494384772,749.2293668474476,762.7746814546138,739.2813562665674,740.7103961762934,795.01446678525,796.7598767961782,815.6230341593432,814.1216183617009,840.0533403669094,839.1720486595525
1426.519731067477,1424.6004358927423,1440.2761393955789,1438.3639802478622,1452.6961731683655,1428.0022125244154,1462.7228953043634,1421.0613250732436,1461.478139968147,1422.421230497816,1437.1760820661286,1425.6456433250805,1446.3710581461603,1429.0887956165145,1447.0085260300423,1433.6275678362178,1440.417421613422,723.2424269176672,724.9636548360196,725.352098737445,730.2497949146095,730.0228384108777,746.3146721976151,745.6060496738985,756.485917590914,766.9939827691949,739.1298918951134,740.1845743088502,794.4074852353058,796.6772711617614,813.063068208241,816.7489493233825,837.7792954217828,839.2401377360034
1435.5369604201558,1439.8514226277684,1447.4409844534753,1445.1391935802653,1459.087569463822,1434.1961600894033,1468.847808837892,1429.6631702241457,1467.6901833670495,1421.8799983433328,1446.3954711187466,1431.431784493584,1452.2556319463833,1441.3078388032473,1454.7110275995178,1435.3967891874781,1439.1854433332185,723.5864771888376,722.4611345926928,724.8596905299603,728.7464926583434,728.5226086207806,745.6555786132819,743.7890599568691,762.952097211566,765.3577455793115,736.0028657459084,748.2372142246797,793.8754090808694,796.7506357828784,810.9846122378402,818.5162920270656,835.5538482666024,839.3788263230106
1447.419071015859,1458.4255320231134,1453.7749117896683,1451.032731192454,1465.2727810087672,1440.0499045962392,1474.614850725448,1437.9559409731924,1471.0268514724016,1432.815580095565,1458.6373672485365,1437.540667579289,1458.3025352841346,1446.347580682665,1464.524719601587,1436.6331174941304,1444.449414934432,723.5249533880332,719.151059468588,722.4409651983359,726.1344322931207,726.3212817964106,744.4627187819715,742.2497460501542,767.4559627714618,766.267401559013,740.9167734781909,754.8468958536791,792.959777105423,796.7218904041116,809.2826639811205,817.547169276647,834.8914969308044,837.8328530447832
1459.8465536208394,1473.816606067477,1459.5567031133755,1456.4313605172308,1470.9946169172028,1445.461102440245,1480.5211032685793,1443.1671818324512,1476.2243619646358,1449.3439636230482,1473.6530151367201,1445.3884324573348,1465.973526727587,1449.471699669249,1476.0219770159053,1440.4902519952698,1455.1228085472485,723.7518962678462,716.2954206920813,719.8064845857173,724.1214274451853,723.9904701596222,743.1315551031211,740.9725814092734,767.2725906372077,766.1691553025025,750.3030867803672,764.3697713216153,791.4262077694855,794.0434751964758,808.8331923711876,814.0800069173185,836.3973657517214,839.0802655901236
1469.6688003540053,1482.1104365757546,1465.3943136306048,1461.836064656577,1476.524184817361,1451.0671666463231,1486.6790211995458,1448.671392168319,1481.4929409935376,1463.0840911865248,1484.3036499023451,1453.0890419369666,1474.8895260038844,1452.855067661832,1486.2770356677843,1443.671530042377,1471.438270568849,722.7273873828714,714.8968404134121,717.6904238746287,722.2361426580527,722.2379726228266,741.4553135463177,740.0243577503029,765.1822084699365,763.8228014991405,762.3744812011726,773.6522507440484,789.7585347493497,793.2018232799719,810.2362402053114,813.3671820504333,839.1402704148072,840.4108247302835
1472.3363680158354,1478.5166985648034,1470.4537193661658,1466.9650878906264,1482.010821024578,1456.3407908848367,1492.966542198546,1454.9574221656449,1489.964825221472,1473.8027910505036,1492.8184502011268,1460.5161772228435,1483.6825619652172,1457.0166193644218,1496.4210869925378,1447.2320445832765,1491.5963948567721,720.056532905216,715.4819010779978,715.6812386285699,720.9698128473199,721.0026797340037,740.9252820696156,739.3807591029583,765.5998789469409,762.0964675176718,771.8138522193553,775.6337999616358,789.2843540736615,792.3775569370822,810.5941757928765,812.7420479910722,842.9903172084272,841.9976821172813
1478.0327885945653,1481.9996167137524,1475.7318685622458,1472.269698370072,1487.326135544551,1461.866182418098,1498.9710726056794,1459.5270176842114,1501.472651527043,1479.0618093581443,1496.5033645629896,1468.2637656075626,1492.1823439825162,1461.410206022718,1505.845575241817,1454.9576595851368,1513.8117069062746,719.0936328342989,715.8880242847267,715.6963915143701,720.3031821477987,720.2626226516004,741.0728022257493,739.663307916551,765.529994782948,761.0809838431229,771.8641688028979,770.0061954316645,789.4848567417698,791.055005754744,808.7518870035815,813.8804484776097,844.4311378115708,842.7785753522609
1485.5742140270427,1487.520027160646,1481.4286001296284,1477.7470902942491,1492.463684445337,1467.2433911278147,1504.1444338843949,1463.407903035483,1513.9152752104274,1473.613221668063,1508.3065134684261,1476.15719095866,1500.48084150042,1466.807404654368,1516.0001584007641,1465.6050235203347,1531.4292580740807,718.9837937127983,717.226765587217,717.0722638084782,721.3253351847338,721.1658677600685,742.0295882452108,740.7628864106684,766.2698080880309,761.4033399309437,765.5604444231312,767.1135064987916,791.9618348621193,791.4300413585852,806.7757197788791,815.3905668712805,845.4702112107058,843.2322787330272
1490.9719666980577,1493.5900137765082,1487.0176071893616,1483.1357040405287,1497.4867077782055,1472.977519989015,1509.0361102876223,1466.5240031651101,1524.5788530622224,1478.3208650861482,1521.4433953421471,1484.8760590326233,1509.0058244977695,1471.1576814197374,1525.1993764241552,1478.2116677420495,1548.047407967705,721.1399583362405,720.2403695242753,720.0745460873566,723.4016569228406,723.3852971394863,743.9548575991683,743.0813326154444,767.6974247523724,763.8855394635889,761.7837785993311,766.0417941865473,794.7990708124078,791.8610698155002,805.7150820777538,815.3032680693134,846.5523935953784,842.4456678118033
1496.3098544166216,1498.7765317644407,1492.4319781348831,1488.0645428612133,1502.5701017833906,1478.2427927653007,1513.797565641859,1470.2686090015243,1534.1227783929749,1488.6861837477925,1532.5352641514385,1493.741779872351,1517.9365597679516,1474.255359286355,1533.4658624558238,1492.0173427036843,1560.2917168026893,725.9903878711525,724.2974755423415,723.6924462091362,727.1029679434647,726.8515281677253,747.1140561785023,746.6385534377332,769.5707488287071,767.193943568639,761.9999603998101,768.0544902256565,799.277886526926,793.4151647658582,806.8568333217083,817.0695611862917,846.5582071940112,844.8791220528747
1500.0528546287915,1503.2217109316884,1495.7030072893428,1492.304986499606,1506.7021825881247,1482.657561710904,1518.3123070853112,1475.18754668463,1539.5309114002062,1490.545977092926,1537.4698061261872,1502.249336969286,1525.9800563993922,1477.9500167483388,1539.2747217814142,1504.080088660832,1567.9692252022896,729.7393361046207,728.8727836608894,729.0034784589502,731.976143246606,731.3941005525141,751.1826030186252,750.9306909470338,774.6159991309764,771.5362359909791,767.545842851912,772.9329328991125,803.4417935325994,797.779475257511,809.1623070126495,819.6747480119986,846.6093117850176,846.875807989212
1502.402837480819,1506.060695829847,1498.217079162599,1495.5628026326513,1509.9286331903381,1486.2038794017988,1522.1906018938353,1481.3809932527101,1543.056884402322,1491.8777360462022,1540.9032589140406,1509.52886417934,1533.0869925362738,1481.3916907537564,1544.1732304890966,1512.4649945213696,1570.814851306735,733.0308436439158,732.1837427048463,732.5460659208759,736.366111210415,735.7484997340619,755.7447266351617,754.887511480423,781.8991517566507,775.7014537992939,774.466373988561,777.1514264061345,806.8082842145654,801.467593965077,811.4804949079248,821.5128682454435,846.5113823300323,847.1566489083434
1503.6670583089208,1507.4355258033402,1499.8661822364456,1497.5217895507826,1511.8845745268336,1489.5053155081628,1525.4401263282427,1487.06610670544,1543.9783830188585,1493.1718482971205,1543.2328204200396,1514.9878580002571,1537.5411057245178,1484.3205074128664,1545.6829942975742,1516.334005083358,1571.7994820731042,736.1198463439948,734.3552504039953,735.5594055539093,739.821385701498,738.8691587902258,759.8438041323715,758.1114629109708,787.4551104591014,779.0991145542697,775.9091386340921,785.2938526698529,808.9334807623009,804.2138134184345,812.5504738943926,821.41021510533,846.438735961915,847.4948120117195
1505.2641499837255,1508.1147086733877,1500.9810057140548,1498.8530702136827,1512.9287131173285,1492.1798537118107,1527.2476686750156,1491.6497706458695,1542.4134110950304,1491.5749186561234,1543.9678057716021,1517.9817265101856,1540.1851490565723,1486.2515140715113,1546.194416591101,1516.3064546130968,1572.0743836902452,738.182130541121,735.0471563793371,737.4597683861149,742.2611151195715,740.9992121741893,763.1946549188531,760.2318220592688,792.4955037434904,781.0616734822597,782.839780171713,793.9532161894306,810.3943179902583,806.257057916551,813.1491808210108,821.1898592994335,846.383109683083,847.7544039771678
1505.9687165759874,1508.0126924060653,1500.795285906112,1498.85349854969,1512.7625881376734,1494.1405835832882,1527.2667247227273,1495.127857026601,1540.5264431181422,1489.9919876825256,1543.8577521187933,1520.410869053433,1541.3576543898826,1485.8367807297493,1544.9312616984064,1514.272342500234,1571.196865263441,739.7082739330481,735.1865846543092,738.6787074861079,743.902002062117,742.6157798767097,765.299876621792,761.1490830920998,795.1843810308555,781.7029953002937,788.9788582211456,801.580992562431,810.2057694934672,806.5357477097291,813.2904081798742,820.2778036934997,845.9909391857336,846.8133428664443
1510.4746010189979,1511.7563527425143,1500.1104362124502,1497.156946091426,1511.259453909739,1495.0473878043053,1525.9944359915612,1496.2557587396545,1537.381891886395,1489.2045642307842,1547.2432352701837,1521.2744100661519,1541.5777257283544,1484.2055030096158,1543.401680719286,1512.368544805619,1571.2906014578698,739.880454653786,734.221967606318,738.8862341017957,745.2631492614753,743.1647578648165,766.1342014131098,761.669630868095,795.3866311936159,781.3497452508843,796.0375536964061,808.4967862083806,810.1410057431183,806.526662917365,813.9517030261819,819.7362031482522,846.1983889625194,847.1099177769261
1504.140185764859,,1498.1068057105667,1493.667378016882,1507.6166752406543,1494.1571858723971,1521.9317198253827,1495.4199398585743,1534.521522521974,1483.8729729425354,1541.7665819440585,1521.8341246105392,1540.7537463960207,1482.1003448849647,1543.0773765927283,1511.484794980005,1571.3981635684074,740.3774768284395,,739.83198438372,746.0214424133308,743.2453471592502,765.9065370105568,760.9875459216897,793.9969235374822,781.0894924345478,802.5609864734474,806.573904491607,809.9062325613847,805.5650805518749,815.9490712483732,820.2128935314367,847.1478830973316,846.9324987502332
,,1500.5512648082927,1488.5980406261638,1502.4573182605577,1491.3676532563723,1516.1030000959138,1491.9808338710254,1535.9649323963,1477.7563885280078,1530.7661285400404,1520.9223244076697,1538.38088589623,1480.7974444798074,1544.7429293677935,1512.057801019579,1570.5839952741367,,,739.4935389927462,746.3894124712269,742.7959701901398,764.6674557640447,759.276074727377,793.0877209617986,780.6955115908675,805.2815246582038,799.6363805135098,808.37249719529,803.2380349295487,819.5150742303765,822.0188794817251,848.5188605898911,845.6698208763494
1478.1623458862318,1480.5664927164726,1495.3522175380176,1482.1520512898776,1495.8632994152265,1487.3981951758988,1508.884398687455,1484.3258336385106,1526.0402145385756,1470.6379330952975,1517.9328079223646,1518.1786993117573,1534.2768333071767,1481.3454686119458,1545.4730220976344,1514.3222801571815,1569.8923361642035,745.1495895385749,739.7902514139819,739.3402037847617,746.623846144904,742.7709766569599,764.4411548432857,756.8679776872914,792.8051365443646,779.89399610247,801.5554399036232,793.0399347941088,807.7644998459597,800.7610484531954,824.3099597749264,822.8767467680439,850.9607042585109,844.7894454229454
1466.3298430669888,1468.870295206707,1486.0089536394407,1475.4807775588276,1488.7269501459045,1482.2111830938443,1501.0845057169608,1472.2043415251246,1516.3752848307306,1462.138303484237,1509.089117504303,1513.7013691493457,1529.2672856648778,1483.170148395358,1542.9760618663986,1517.9744818551212,1567.9298538934631,748.0371417091013,741.8783578418556,739.3815689086921,747.4036053248822,742.5649294172022,765.1135039556601,754.7209265572692,794.6430765787768,778.0185921078644,799.5699786231639,786.4977079119008,807.1374504452667,798.4351570492706,829.8422473725826,822.8915579659606,853.3928258986708,843.6361977713457
1460.6910037086136,1463.757480439687,1474.1944187709278,1468.8357976277682,1482.0173274448953,1477.8009549095532,1494.0134070260199,1467.7166500999829,1508.7516170683375,1458.406393868584,1498.7123954409658,1510.1967733474019,1524.2024735950304,1485.3049087524428,1534.6973698933934,1520.8093926566003,1562.6478692917613,747.5188740321576,742.9887141273142,739.3815689086921,748.0614557720373,742.533417111352,767.2172800699877,753.8661364600779,792.4055844261541,776.2946355910535,794.7568257649748,786.0021899995356,807.1459548586898,796.5823044549859,834.8167499360593,821.6521984282001,855.4468776157933,841.4044552757634
1464.0709090459927,1467.2923762003593,1462.9973071870363,1462.805988856726,1475.6712693713976,1473.553570701964,1488.2752304077162,1467.0325791495202,1502.304462614515,1458.9858285813118,1499.2528889973973,1507.8592874436165,1518.7868997483042,1487.7287590390174,1523.8321878342417,1521.984707786925,1552.4611307779965,745.7507762000681,741.969973064605,739.3815689086921,748.187408174788,743.6177019391748,768.2434396289651,754.4824018932532,788.0991516113289,773.3877043951134,787.0280681791768,789.0522787911559,807.7137914385122,795.1971697126123,838.5991254534048,822.0604139055533,857.1408487955737,840.4252559116917
1460.6300393967417,1463.9778903779543,1454.1504000709183,1456.1733761742016,1469.3827314830976,1467.701543172202,1482.2104303269173,1461.5476586478112,1499.366868518649,1450.9131440662218,1496.3270136515312,1505.8495189121804,1513.6875581287218,1488.421440124513,1513.3770675659193,1522.900283813478,1544.4575420561305,744.9291815984824,742.1059403192437,739.4001904442205,747.9420301346559,744.9715550740566,769.8356083461224,755.2305054437554,783.5167403448204,770.3059674217594,781.8381351289303,789.298027765184,807.2421331859778,794.3497176397423,840.7262166341154,823.5999672299347,858.4170168922069,838.6913176037024
1455.8572551182351,1459.187128702801,1451.9020763578883,1449.9330422537682,1463.510378883,1459.6913902646033,1476.814141409739,1451.880683717275,1501.9456067766478,1438.4106376284658,1492.1841125488295,1501.4302865891245,1508.0408317929237,1487.9678628104089,1498.1668566749224,1523.66616240002,1530.2892666771313,744.546230497815,742.5436325073249,739.3722581409279,747.8039024897992,746.0283303033746,770.1800001235242,756.138477870397,779.4247534615661,767.9710017613008,778.8883383614684,788.1265106201179,806.5201922825413,795.071100870769,842.6049673897887,823.5599815731964,858.8108985537583,839.3605782645097
1451.2448258172913,1454.3944644019732,1446.4710235595717,1443.940754118421,1458.0653348650267,1450.0955995832182,1471.2271753946952,1438.3249693371013,1493.9699641636453,1422.3158874511732,1488.5526424589625,1494.283356439501,1500.178115844728,1492.1283562069862,1478.094252450127,1529.3588787260524,1505.831597827731,744.8282343546557,743.1261017209015,739.3163935343432,747.2749354952864,746.737441108341,769.0710478283117,756.619698660715,776.7361275809159,766.9792193458201,778.4642675490613,786.368964059013,806.5110737028583,796.1241080874496,842.8248305547813,820.7779181344176,859.036653064547,842.4879375639423
1450.8005748930445,1453.6254101707837,1445.2873840332045,1438.143586294993,1452.8644194830044,1439.3051452636732,1465.819829668319,1420.6797706967322,1486.6159907749734,1406.444432758151,1481.9341674078091,1482.6013314383385,1491.3269202822744,1485.5942876906638,1469.8185562860413,1518.401630583265,1492.4636499314095,746.0015046255936,744.2996272132518,739.3264643351245,747.0639424096978,745.891735076905,767.0927358354847,757.2595211210712,778.0944671630866,768.6520167759494,783.4247520083482,783.747378394718,807.3217277526862,798.3655159359894,842.860981169202,822.0450788225454,857.9515199207133,847.5501796177464
1446.5046212332604,1449.4253510974718,1440.644275846937,1432.2281839279915,1447.1261985415517,1429.7524127051956,1458.8515348888593,1411.514411199662,1475.7176015944722,1397.877684638615,1467.6652494158077,1469.3354455857063,1481.7477838425425,1469.8337405976808,1458.956442696709,1495.9312653314514,1491.7364810761965,745.2096790132076,743.1927388509121,739.1577304658442,745.7883239019492,743.5670509338386,766.3099946521585,757.5471907116125,779.3482745942623,772.2322122483033,789.4207651047487,784.4807488577715,808.7003130231592,800.5455689203179,842.5479507446296,822.5372078305206,857.4588586716434,851.4014296758751
1439.7010091145846,1442.5110219319674,1434.4754409790053,1425.9613956269777,1440.7661230904728,1421.7307608468204,1450.578667413622,1406.9955982026613,1467.5270076933375,1396.6522020612456,1463.1665009998155,1456.7826512654638,1471.3429627191467,1453.3387890770337,1449.0894811721091,1467.6228347051724,1484.200669424876,745.3429183959968,742.0646471296045,738.9040596371613,744.2878606887098,742.7443362644747,764.4310077485591,758.0026099795393,781.3923488798603,774.0827720278792,794.4727997552789,782.5549886794324,809.9152537754611,802.5912966047023,841.587808881488,824.2460944766099,860.7355891636448,857.3419669015075
1430.8965708414726,1433.5820337931327,1429.612179347448,1418.4398029872364,1432.8929199945374,1414.1242170788007,1441.752611432758,1400.7686393374502,1457.7380011422306,1393.2407493591322,1451.4154405139757,1446.7367757161473,1462.0329451788052,1437.170830862864,1442.9232606433702,1451.8237417311911,1478.3507149105994,745.3429183959968,741.7630335489916,737.9235778081991,744.4675761631563,743.0607074555903,765.8638839721687,759.0188754853755,786.0126706077947,776.7883693150119,800.9572267078227,784.9666940598268,810.1610249110638,803.9983691260936,842.5513977777399,831.2722654796789,863.3861701602036,862.2744809105291
1429.940575735911,1432.6361189342692,1420.0406381516243,1410.1001427060096,1423.8216992332837,1407.221462794714,1432.5971810477135,1396.3216265723831,1442.4599969046471,1390.7015115647102,1433.2417471749454,1438.4721454438723,1454.1196107410262,1422.8539461408357,1432.0161016555073,1444.5696854364319,1465.611211867561,745.3039441789907,741.8858072190064,738.4060919625425,746.3953722999216,744.917834145683,768.7329631987079,760.9476768856964,790.6400989350825,781.1347939627519,805.0240075247636,789.6228070940297,811.315240042551,806.9212762741822,845.4385583060136,836.7139689127612,866.1254744756798,869.1286780947739
1416.2812456403474,1418.7481544131338,1408.3467465355297,1400.6033884684257,1414.0107901436954,1400.4304086594366,1423.094014122374,1392.762486412413,1423.3646636236294,1386.5845910935188,1412.3961072649286,1432.681986854191,1446.040833609446,1414.975039527531,1418.3037036714113,1446.6834556942908,1443.897125244142,745.3624055044999,743.0589078267423,741.0305519104011,749.2014000302277,747.6234049115869,771.8561114356639,763.1618863060369,793.9660593668627,787.5616945539209,807.1871381487173,797.1647640409931,812.717348371234,809.1952285766608,846.649341764905,838.9696415492474,870.9941646030979,874.3206598191042
1399.0248006184909,1401.1767832438163,1397.6391921270474,1390.5252827235645,1403.9813359578463,1392.8098246256525,1413.3685902186817,1385.2730102539076,1404.2088187081486,1378.6061392284587,1387.8409398396823,1425.7431386311864,1437.961429050992,1399.6882073538657,1419.0446664719368,1432.3217686244434,1436.9197104317814,745.4793281555183,745.1034954616009,745.1344497317366,752.6826408022932,750.5680816287093,775.6080667404908,765.863355364119,799.7575665428533,793.6539935157421,810.2210729689832,805.3647014072972,815.0339598882774,811.6997633434485,847.0577690487825,843.7751726422999,876.6341792515354,877.1036064511262
1375.957468668621,1377.7005208333348,1382.374689737957,1379.810700189501,1393.0525614420585,1383.733207702638,1402.1823904854923,1375.9283476329997,1387.4558116367898,1367.155755724227,1367.5859287806934,1417.2179670788005,1428.6993164789124,1382.215276808967,1415.5707611810608,1408.310211908251,1440.7056063697464,745.6157379150397,745.1262079874682,748.9750115530837,755.3781543913349,752.9482009524397,778.4311614263634,767.3273976643887,803.4737748645609,798.0285422915512,812.0049158732104,810.9551184518004,816.709015619188,813.3384105137424,847.3076535179509,843.9571097237731,884.4432918003636,874.1942247663234
1357.153748285204,1358.4473433721646,1368.535968235562,1369.0404935564327,1382.7692431495316,1374.0646365937746,1391.0440524873293,1364.6026778448208,1377.6607222784146,1355.4282390049539,1359.9523624238527,1405.6644770304374,1417.83387611026,1369.4234862554654,1408.8902159191325,1382.5112646193745,1437.9188446771545,745.3376977103104,745.4260406494147,750.1806804112033,756.2417275565018,754.37725248791,779.0345756894073,768.1570056733638,805.2013295491545,797.7502288818366,812.1030622209829,809.275320507232,817.4510712396539,814.6823076520654,847.7245061965224,841.014716738747,894.0134371802928,871.9430367606035
1347.1460974557071,1348.6388589768196,1360.0788904825858,1358.4514567057304,1372.5238974435001,1362.4636099679142,1381.1899501255593,1352.9654657273077,1371.455019996281,1343.6808349972694,1353.5563547043585,1393.2932939075301,1405.8367055257177,1360.1785430908217,1400.6461181640639,1370.701494852703,1430.9016963413796,745.6626915704643,745.6091742742636,748.9204822721942,755.8977641151073,754.5489329383495,778.8646945045116,768.9898678007587,805.9227763584689,796.3173504784002,811.4895037696483,805.7794552757634,818.8298913864869,815.2312164306647,850.0958811442065,842.2917102632076,898.7728663853245,870.2210359119242
1349.3795427594878,1350.7304520379944,1349.7220291864317,1348.2956720987968,1362.666791280112,1350.5501956031449,1371.975436619351,1343.2905208042703,1365.7345817202627,1333.943242572604,1349.5293128603994,1380.156269981749,1394.004665919714,1352.1507546561118,1388.1287605648963,1365.1916318620968,1419.4000465756383,747.9013524736683,747.3821451096314,748.5489187694739,755.5745889572877,754.309335799445,778.1968078613288,769.8791329520097,804.8953450520842,795.4699699765167,809.4230157761355,802.4328627813438,820.4401873633983,816.7614190237871,853.5111636207225,843.2475091843386,899.4959186372312,872.6094919840502
1342.142111278717,1343.5735190255314,1340.0204852876223,1337.989254179456,1352.6366268339623,1338.339621770951,1362.3684245518289,1332.602519444058,1366.4235923403799,1323.9864135015591,1342.759322030205,1368.320260184153,1382.5682492937372,1343.8302848452627,1374.082460675922,1362.9480507260291,1402.2290496826186,748.8178367614753,748.3361193339038,748.0757546197808,754.7611701602034,753.4532554263167,777.6039421444855,770.383364722843,805.7880358014795,794.2976230439692,808.3719398861847,802.9845820835666,822.1184492565344,818.3715340750566,855.5822129022515,845.0047374907001,897.0822782970619,875.5850750151143
1331.5090724400125,1332.9647176833391,1329.8874922252849,1327.8634970528751,1342.581354413715,1326.3913737705789,1353.087976728168,1320.3925519670772,1358.1096489315955,1313.492323557537,1333.1785765148356,1356.8472101120733,1371.4501186552516,1334.7877229963042,1359.8075314476387,1359.1390053885339,1382.620523361934,750.1384835016167,749.3261311848967,748.3770806448807,754.7243917556043,753.1901608421697,777.8386495681043,771.6863232567205,806.4339468819762,795.1819766816645,809.3617531912676,807.0642344156909,823.2945582071948,819.7477664039257,857.2958635602687,846.8382190522701,893.6188543410536,880.9948585146958
1321.282721746537,1322.7043097359806,1319.6375136602505,1317.1469799223414,1331.8639904203883,1314.645862760999,1342.96562812442,1309.4235480172306,1344.8796793619804,1302.6657431466251,1321.4178841000523,1345.4684350149982,1360.100340706963,1324.7874087379105,1345.5348743257082,1350.9189543951138,1361.6793667021266,751.2084944588805,749.934221358527,749.5877740042557,755.4350195385168,753.7185321989521,778.5616749354779,771.9312577020562,804.0855658394958,798.5850906372077,810.6248354230615,812.4521248227081,823.8485045660117,820.5831168038512,859.1683429536373,849.5013028099431,891.7570786249079,885.9180900937043
1315.265354701452,1316.5925569080184,1307.9458828880686,1306.1046589442676,1320.9500445411331,1303.6863962809257,1331.8671918596551,1297.0970615205324,1328.0640538533542,1292.6482445853107,1309.3034449986062,1333.6862880161843,1349.0032050723134,1313.5413331531354,1331.3930337088461,1340.686806451708,1343.3281816755034,751.3730713980545,749.7424305507122,751.101464952742,756.7370732625333,755.2044252668115,780.4582635788697,772.8229573567717,804.6825754074831,802.2292480468757,812.6050553094781,816.0681181408117,824.2285127185648,821.6455372401654,861.8128473191042,852.8517826625286,891.9052639915838,891.7243550618498
1312.902013869514,1314.5177216302793,1299.7184030442022,1294.1751585460856,1309.4878107706718,1292.4936468941837,1321.0432266961973,1286.17241886684,1313.6506605602458,1282.421524047853,1300.9299131120965,1321.7711265200674,1337.7734284173887,1301.0139465332045,1318.321465628489,1327.010949997676,1329.0316212972018,751.7547489347919,749.3978912716827,752.7256351652607,758.9576261611219,757.7485600426091,783.5802728562135,775.5270654587526,808.232002621606,805.3528115408768,814.5054989769353,817.4682163056881,826.0893445696157,823.7060303460992,864.5562613351012,857.1034051804323,896.1317385718945,897.2880946568089
1312.0065467471181,1313.2745975312746,1288.8124349684954,1282.1396858578648,1298.0196674891893,1282.8465590704068,1309.6151537214018,1276.409557524183,1311.2850952148451,1272.7961405799515,1293.1207333519358,1310.662428719658,1326.761165073941,1287.3340090797074,1306.9526548839763,1309.3162979852598,1320.2605191185373,753.1653317042767,750.463350023543,756.2703455970409,763.0211005437949,761.909477597192,786.9548060099291,779.1621235438763,814.3244178408676,805.3191829863056,817.9145271664581,819.6623738606778,829.5765388125473,827.9129220871706,867.6921364920488,861.8608035133007,904.6536763509123,902.5005929129474
1324.062423706056,1325.223939804805,1275.6266265142544,1270.1207206362783,1286.093942551387,1272.9222742716483,1297.1074974423377,1265.3122841971272,1309.9592721121664,1263.70064798991,1281.5056646437884,1299.6700788225457,1315.6818945748478,1273.0280925205789,1299.2876826695046,1286.2435284569162,1316.4839957101017,749.4667592729847,746.8176776341037,760.6947644551602,767.1359149387912,765.852599371048,791.0504161289767,783.5224609375007,823.5527107602081,806.6122378394725,821.3996574765167,822.9884320213689,834.8368639264795,833.2740889049719,870.4114423479361,866.413105555944,913.146523611887,905.9838547479546
,,1262.7165501912446,1258.0265989757731,1273.6770146687836,1262.0505211239781,1284.7255383446116,1253.9347029186442,1295.1532087780192,1251.8692131042494,1267.9551852998293,1287.5355217343297,1304.0453189668215,1257.7835090273916,1293.1845790318093,1260.982757205056,1315.5756890433188,,,765.3509201776421,771.7776965186717,770.3065612429672,795.3711126418348,788.344782511394,829.6074760073715,811.681679861887,825.6349959600547,826.3817371186764,840.000775291807,838.1628116426022,873.6265956333714,869.7418140229734,919.7324022565577,907.507622128442
,,1256.578710283553,1245.6660744803303,1260.6150407337018,1250.1671643938348,1271.1350355602458,1241.9273543584927,1274.1483797345854,1238.0414722987596,1253.0085162208204,1274.6469893682583,1290.8774112519777,1242.6111442929232,1287.5508172171467,1238.5197532290517,1314.4567860194627,,,768.6798567998984,776.8994318644213,774.823497408913,799.7970849900026,791.712458292644,832.8281391688763,816.6231907435833,829.186429341635,828.5328652518144,844.5397149948855,842.4502251034698,876.7286689395004,872.7875656854546,924.7095998128264,906.7657165527353
1235.2913055419933,1238.0045038859062,1244.942998613631,1232.9951509748198,1247.1910247802746,1237.141495477587,1257.080857413157,1227.8885903131404,1250.50991966611,1222.759959084648,1237.18822951544,1260.619604928154,1276.8084073747918,1227.8955270676397,1279.2410314650774,1222.843903314501,1310.8892513456813,774.7529182434089,773.4020195007332,772.4159020923441,782.2128964378728,779.6030079069599,804.870167323522,795.5220180693134,835.1522725423185,821.9888418288465,832.0805936540884,830.6486918131518,848.2869378952761,845.5079174950017,879.1673656645283,876.0415148053859,926.4318375360407,904.3127739315948
1202.00213623047,1205.297215416319,1231.8261856805723,1218.8713687715087,1232.9805573962994,1223.2338859921422,1243.6377930414121,1213.6545985993898,1229.5371264503128,1207.857475462415,1220.9264163062699,1246.3413576398589,1262.08195204962,1213.870837983632,1267.0100290207647,1214.2888474237361,1300.027489798411,784.235227857318,783.3711477007192,775.6769492739729,786.7071842011958,783.8076233636773,809.7140771775026,799.4349001929882,836.9085878644678,825.1046051752007,833.7971899850036,833.2602506365102,851.449978056409,847.9935709635424,881.7852187383751,879.2204052153096,926.8748539515913,900.5924537295396
1185.3575515747082,1188.9435711815254,1214.9497985839855,1204.1672879173652,1218.6273291451603,1209.9368064517078,1229.8970845540375,1199.2857816787005,1219.7446819487084,1194.5587577819836,1203.5823596772705,1233.3537786574602,1247.5683455694302,1201.7424370901938,1250.4645770844973,1211.5783691406261,1291.6272059849343,788.9763826642726,788.3557118007122,779.2478154500334,790.5050490243102,787.7457366216759,813.0882579258516,802.5275733584456,839.0317967732756,824.7567632766004,836.6387855893097,835.7104670206713,854.2353482927604,850.3503850301115,884.8615366617847,882.1173945835667,927.4936305454808,895.912864321755
1196.453941345216,1199.8460006713879,1198.2660903930675,1189.830212910971,1204.3672706967318,1195.4696226574138,1215.950158982051,1185.706485021683,1204.8736408778611,1183.6006493341365,1191.6974752516985,1220.8612075079068,1234.207122439431,1191.7311964489177,1228.5778972080786,1210.7476646786656,1276.2089600335996,785.8156127929695,785.0326690673835,783.2700960068483,793.1853517804835,790.1020327976779,816.3959575834735,804.7657961164209,841.6881241571343,825.314618428549,837.4944287254705,837.3485997517912,856.2499752952947,852.1206552414675,887.9930986676906,886.8416530064183,927.0782804943276,894.6377672467921
1201.3397830781494,1204.847444443477,1192.950991312664,1175.6720675513868,1190.4505222865523,1180.4105137416307,1202.230914887929,1171.352692558653,1196.5502686273494,1170.3488084702276,1179.9449622744617,1209.277797880628,1221.0839585803815,1183.6746404738665,1204.3474862234943,1208.611317225866,1253.7328414917004,785.7294823782793,785.0104856945227,785.8176678248822,794.4818503970199,791.0791843959271,818.178150358655,805.4642199561717,841.4490505400166,823.2805321103059,838.7033745901933,838.5449465797069,857.1913448515401,853.2396258399608,891.3207673572367,888.5337488083621,924.986368815105,899.2703523181742
1195.3655991327205,1198.614979335241,1189.1089840843574,1162.5779793148959,1178.8169780912865,1163.2102799188535,1188.9639209565673,1161.698760078068,1182.6637943812789,1161.215670449394,1166.680582137336,1198.0657210577115,1210.2787733532145,1178.2990806216296,1177.8643980480388,1207.511951264882,1224.0873046148404,785.724846431188,785.3086057390492,786.0903578258703,794.5515292939692,790.8665411812926,818.1099224998845,805.2611105782653,840.212565467472,824.7732256934764,839.427164350238,837.6802462623241,857.434874035064,854.1990777878542,897.9328133719316,884.8963216145842,923.4858194986989,906.2862279982802
1178.6762059529633,1181.7060971941278,1175.6633834838879,1149.956540788924,1162.4888567243315,1154.4049744378963,1176.1659138997406,1152.007334391277,1162.430354527066,1151.0954746064697,1152.4126467023589,1185.5209819248755,1193.8774635678255,1164.0233306884777,1162.1983043125708,1204.0934945969366,1189.1829067411888,786.1839850289489,784.977888379779,785.0008561270586,793.1548381987079,790.2478170849035,817.9304524376287,804.715522039505,832.6598423549115,832.631028311594,839.7109745570599,836.9527805873333,857.7528174264098,855.1516901652026,895.3811638241731,887.1248779296884,921.6829717726944,914.8227945963552
1160.0777769542888,1162.797045026508,1153.982419695174,1136.7318721952902,1147.4919052124035,1144.3000659034376,1163.7800790695928,1141.0218890962158,1150.0658754621245,1138.455816359748,1135.270030248734,1172.1610020228804,1174.1389915829623,1151.748037429084,1147.1518347603946,1199.1376535324835,1150.9339672270287,786.7076882861917,783.544557662238,784.2274449666348,791.3135268801742,789.3731090000705,817.1730542864126,804.1367983136865,831.4421720958899,836.0778656005868,839.4200646536699,836.7433090209969,858.6755312965038,856.8088088262657,895.0640513102222,887.3513852074041,920.1593606131426,920.8712608700715
1138.056861514138,1141.0383591424863,1130.458471389045,1124.0376681373243,1133.958724975587,1132.3514600481317,1151.2363324846551,1127.0939741588786,1135.6768177577437,1124.0209426879894,1117.7294518607014,1157.993265424457,1153.2138820829857,1140.6120427449555,1132.4557251703181,1190.2649452572787,1121.8267942156122,787.3648728870219,783.4712388174883,784.4907715207062,790.9073737008239,789.539374941872,817.305142538889,804.684264773415,831.029610043481,841.5810684930718,838.5840861002612,836.0969212849943,860.509812854586,859.4308773222432,896.8753952752985,887.2047002883193,918.8057716006333,923.3613441103989
1117.1277069818416,1122.5768269130172,1110.4892647152865,1111.6063058035725,1121.8161849975595,1119.1760704403841,1137.7318387712762,1111.6630579630546,1118.647457304456,1106.723051888603,1105.4731708708273,1143.6623887561627,1131.4554094587063,1129.3051082066138,1115.344440278554,1177.8891619727738,1095.0916431971968,788.9410404023678,784.6817428952179,785.9463359287815,792.4518634251193,790.8683693295441,818.796927315849,806.2162308465875,837.0997815813346,846.0093721662256,837.0411485944483,836.8747464134588,863.1623833065951,862.8084041050511,901.1152045840317,891.1141560872404,918.9852011544373,926.3389485677092
1110.035009111678,1111.3887961251407,1100.6911610194625,1098.9671016874777,1111.3502651396261,1104.547905331567,1124.0725638979968,1096.4201144263868,1108.182489667621,1087.695450192407,1091.3682795933325,1129.596862066361,1117.9204337710437,1117.5567198253825,1095.979730515254,1161.1276775541771,1076.169528416226,788.8651233854755,787.6306884402328,788.0792944771911,795.3811169578923,793.872663770404,821.3166945321227,809.0034110659653,843.8983161562973,846.8858882359104,838.3654189336876,840.1927548363103,866.5922975086039,866.4053693498893,907.5834670293907,893.5550253731872,921.4253910609663,932.8044876825251
1096.427520025345,1094.3263793218714,1087.8300483340317,1087.018415541877,1104.6874371483223,1088.2170094081343,1110.4708193824415,1086.4651234944672,1094.643527802968,1073.7864735921235,1075.5293401082367,1115.8000143141985,1109.1280023484014,1104.5678638276609,1074.4775248936255,1142.5025718325671,1064.9727052961086,793.1002922058112,794.0870410374241,793.9561916532978,799.5885371253612,797.3468931288953,823.9053933279863,812.414254688082,851.8887975783583,850.7195783342642,842.8988080705924,845.1111984252938,869.8279062906909,868.8215361095617,916.4337724958157,893.5938568115243,928.2538786388589,938.0411522274935
1079.9735677809954,1075.9927644275494,1075.2086272466759,1076.4323007492803,1088.7987816220248,1082.3514102754148,1095.1738175891705,1076.510719662622,1086.4200755528052,1061.5426323300326,1064.1919599260614,1102.473627726238,1095.9930151076555,1081.4807190668025,1062.7774934314555,1117.6187758672816,1059.5554693312884,799.6168857756122,800.7614978608639,799.9987271626799,803.4679957798556,801.158766973587,826.8220160348083,816.9150150844036,855.6325051443926,856.0313528151747,849.5684556506937,849.8915063767215,872.322806948708,870.4551529657281,914.090611049108,900.0382486979175,934.49245053246,942.8263934907468
1067.7548003423792,1063.5721039544978,1062.9665890648262,1067.0054310389937,1072.7180691673652,1074.9770976475318,1078.3709912981317,1072.1725670950764,1083.5777039300838,1049.2166580926814,1053.2438735961923,1089.5331064860036,1080.7424043927883,1062.9145329793305,1049.1745116824204,1089.4712666102828,1057.5915974208297,806.9282954988032,806.3092360723595,806.0311809721454,807.0758354550323,804.9063344682972,828.3137065342503,820.8983648391005,858.3727649507076,854.317319960822,856.2495981852221,854.472825913203,874.2220982142865,871.5968646094921,912.3680201939183,903.237838018509,942.5724341982896,943.0684603736523
1053.8331498645612,1051.9447475615011,1051.385479155042,1058.0899374825624,1055.7725157964805,1066.976546514603,1061.7696358816975,1067.4335305350178,1073.1940543765124,1042.2839177449555,1042.5455736432768,1077.1394319080182,1064.3524834769123,1047.1590961274655,1036.2046040126265,1060.0087560017914,1055.1696181524378,814.437340690977,811.8456188383565,811.8060744149352,810.6552912394213,808.4421384902234,829.870433262417,824.6288056146539,857.5594358898352,853.7933200654538,860.4621244158071,857.9336682274236,875.942430768695,873.457321893602,910.2900114513589,905.0403878348222,950.4478207542792,939.6923450288327
1039.509972708567,1042.2610422770192,1040.380846296039,1048.6687502179836,1040.1189288184764,1058.5869994390587,1046.1804693312881,1060.3758871895936,1053.0476648239874,1035.0831335158584,1032.0779015677326,1064.694238935199,1046.0119915916816,1033.6315020606642,1023.3088386172349,1036.562514532181,1049.266242980958,819.8603421165838,815.1058022635331,815.6178839547301,813.0865740094873,811.2621309189577,831.4445557367242,827.3981468563996,858.6675974528004,852.347076779321,863.1269436790838,860.9780331566228,878.1719854445694,875.9301616123753,909.6314079647981,906.0826045445042,955.9047466459738,935.8177839006705
1030.609771365212,1031.9009602864594,1029.9937998453786,1038.9142597743453,1027.3843300229037,1048.8610614594968,1032.4820004417793,1052.456384204684,1030.415394737608,1025.395604088194,1020.4578069051116,1052.2106130690813,1034.4698907761358,1021.241715930758,1009.4366762070439,1022.5957717895517,1039.4741999308278,820.2766171409978,816.4169267926904,816.613922482446,815.086627415249,814.1351218450645,833.8439756120962,829.4301819574273,860.3683791387657,851.7013902210062,864.8908760434114,863.8522571382076,880.6892649332691,878.4171338762565,911.3276091076087,905.9937577020562,960.3659486316508,936.5142938523074
1019.8304196312324,1021.266845703126,1019.5136453537724,1028.374534970239,1019.0630093529121,1038.5274156842922,1021.1438678559812,1042.6642873854873,1011.938240414575,1015.7640184674954,1008.4903244745174,1039.923472449894,1022.8759424118778,1009.9939095633381,995.4315492539189,1017.3697411673419,1023.7770374843062,821.6196714128774,817.911692301433,818.0738053094781,817.0369469778886,816.3336495899027,835.663149879093,829.7985105968664,863.9672691708527,850.8291280837294,866.2419066656212,865.94951811291,882.6840471540187,879.3319404238755,915.0944293794187,904.476350330172,963.9390629359663,940.0458948044558
1009.2112648373568,1011.1761300223225,1008.932161603656,1019.0088337489547,1008.4689189365942,1029.5522166660862,1009.7076463245219,1031.6858109973737,1002.4389477684394,1007.3460213797442,1000.0746187482571,1028.381082443965,1011.2371361142123,999.07008725121,981.3028388250451,1015.1934098743267,1002.3670283726292,821.814602443151,818.5234291439972,818.6317196800603,818.0753991263261,817.6503532046371,836.641632080079,830.5396783011308,867.8619628179649,851.3060724167606,869.3949025472014,867.640533810571,884.3812110537583,879.6085946219316,918.6540178571438,902.3055819556835,962.2412625267401,943.8173268636076
998.5720156715039,1001.0669857206809,998.3600525628963,1009.6182824997684,997.8947666713178,1020.6902712867384,997.7220684233175,1024.1786825997497,991.7777506510425,997.7209214710064,991.1283351353246,1017.8215953281958,999.7700395129986,989.8037766956156,967.7517071678534,1014.5512183053163,976.853160676503,822.1018793015261,819.153495788575,819.089412870862,818.7223881312786,818.6099486578087,837.0835178920208,830.992349897113,866.4506588890447,854.9724251883379,867.8771082560229,863.7404828752799,885.0845613025492,879.6857775733592,922.3653942289815,900.7559291294651,960.8576572963179,946.4219251360221
987.4661530994242,990.5002125331343,986.8339520409003,999.6078901745034,986.1788202921559,1011.7015696934302,985.5586831229083,1015.971458071755,982.2902265276236,991.6202534266889,980.8459774198996,1007.7105502174023,989.1697536650167,981.7486372448159,955.442854563396,1011.7136317661841,951.6022981916165,823.0333455403654,819.8701219104593,819.6049971807579,819.4916872297022,819.3502778552835,836.9022529238755,831.1922574724476,865.9600819178997,855.05571565174,863.1866273425883,859.5082328433091,885.4866405668721,880.4777345203227,926.0929180326924,901.1451495942623,958.6427815755218,945.4145318894168
976.7195481799907,979.7691737583715,975.590139479865,989.040025983539,974.8842497326089,1001.7340698242197,973.5572495233454,1005.6444375174395,969.6384836832691,983.5940417335156,969.8199564615895,996.9100127447228,977.9420968918582,974.3712884812137,944.2297179812485,1006.9274386451368,927.8244679768889,823.9973885672441,820.7302111671092,820.375308082218,819.8053661528095,819.6548011416489,836.8887765066972,831.4973398844409,864.9684337434323,856.4155625842875,857.5939705258331,856.3087067377007,886.9681345621752,881.9976926531119,929.6035119919559,902.8952302478617,955.1725318545396,943.047151111422
965.3212185814275,968.3721520560139,964.1958047776004,977.8219844273168,963.4882183983221,990.5351308186858,962.0129528953925,995.1234203520285,957.5085721697135,972.5013496762239,958.2461442493266,985.0885024297813,966.2987227666954,967.1362827845991,933.2816685267866,1002.639648437501,910.2931751069577,824.5067807152166,821.1603400820785,820.8079706827807,820.3926972888772,820.1679985409698,837.7007617042186,831.9926256452295,864.3659795125334,856.2398525419696,851.8298325311578,853.2613547188903,889.1358322870171,884.0174931117475,933.4139731270935,906.6010306222106,953.2964157831111,943.8273119245266
953.8269544328971,956.5814979189927,952.6147497267959,965.6436484200623,952.4016876220712,979.2176150367383,951.2095663888123,983.9850420270657,945.3193105061857,962.0255686442067,946.3313943772098,972.8187234061114,953.9472162155887,959.5715571812229,922.1037441435324,996.9362574986058,896.2456192743219,825.0200347900397,821.8616939726338,821.6278493972059,821.2369344802137,820.9757029215502,838.0975054786327,832.3769182477686,864.4961891174326,854.8021178472618,848.5613025483639,851.6368775140679,891.1124521891284,886.0548139299674,937.1321214948391,910.1707596551813,952.5374457949692,946.2686673118964
944.4062692551395,947.1970570882171,942.6243151710156,954.9337812151236,941.6832758585621,967.21266537621,940.1867218017587,972.1534729003915,929.2994493756984,951.3955390566881,932.0534984043675,960.3544841948019,941.2386645362499,950.4389728364499,909.8721858433323,988.9679071335576,885.9313245500846,826.0094226655514,822.9111709594735,822.616156078521,822.1261647542326,821.8832448323576,838.3930842081713,833.7013782319576,864.6792184738895,854.9481709798185,850.873936607725,853.2227205548976,893.9716404506146,888.6300281343015,940.12554713658,912.9451402936672,952.8880956740616,949.1988786969875
935.339015779042,938.1778746105384,932.974618094309,945.0622238885798,931.560833885557,955.6491299583807,929.6535953340085,958.9947240920303,915.6904147920162,939.1428317115428,922.9243647257496,948.8076956612732,929.6625515165792,940.1327296665745,897.5532077607662,979.7675483340319,878.3465845017215,827.3598850795208,824.3763224283862,824.1635782151003,823.7059024629147,823.4565963745125,839.4970063709085,836.242728097099,865.1805305480966,857.0821856544139,851.9294760567809,850.32756078811,896.1247231619707,890.70097569057,942.5616767520005,914.3448646182114,954.6293611072367,952.1667269752147
926.2200015840085,929.0663216000521,923.279667808897,935.5633428664443,920.1345719837017,944.7880619594038,920.577407110306,946.5589076450901,903.5873714628682,927.1459935506194,905.5957554408491,938.6834091913141,920.1642238071996,928.7305286952436,886.877745128814,968.4441927955273,874.1475114368266,828.339535304479,825.4562109084363,825.4112043834875,824.7951750982384,825.4865017845525,839.6696853637703,838.3780960809625,864.7446376255589,857.448663984027,853.4873410179509,853.7967224121102,897.0534123012006,892.0615888323111,943.62359401158,915.0601472400492,956.173861549015,953.8354572114499
916.7281356084923,919.2410761515308,913.9301681518563,925.3495853969038,913.1211504255031,934.3645709809812,912.8492115565717,935.2386314755404,896.8464526221874,914.8686824980246,889.6365450904491,930.3322285243452,912.8454473586318,917.3254238310323,878.7948800949832,956.2777848016657,871.0929754348036,829.1775287446529,826.1219478788838,826.1641980125798,824.9547972906212,825.6280837286093,838.5335152035675,839.8073853992289,862.949889773415,861.3611871628543,854.1461537679045,861.0251435779398,897.372345697313,892.3216850644073,943.3779275076738,914.1904013497498,956.1802070254381,955.4401448567718
905.8631824311765,907.9331214541489,904.0275221325111,914.0780349004845,908.4719427199599,924.0847273327064,908.8698853992289,925.8726214454297,895.1825895763587,902.6745721726198,877.9089017595572,922.8927176339294,907.8465231032608,906.6988601684579,873.3204407464899,945.5395874750055,870.7717437744149,829.0765478951598,825.728327433269,825.8919470650817,824.1341785249265,824.1618899390819,836.4417052496055,838.2562924339666,859.633466811408,863.3361863635844,853.1893234252939,867.8527214413606,896.6335078648167,891.6018567766471,941.6250937325623,912.7830825079063,954.0167112804604,956.2188451857803
895.914952232725,897.2026025681276,894.9982368832551,902.9439210437602,905.4121627807626,915.0234371366964,906.7282874697739,917.1268931797582,894.1318392072415,892.0089899698901,871.0980954851432,916.7933556692949,900.881394159227,896.7208684285491,869.8893025716154,934.856722150531,870.2962504795628,828.1037623087573,824.8895165579668,825.1528767177044,822.452057248071,821.377306075324,833.4749614170628,834.7893774850036,855.0771611531584,865.6875563121986,851.3376297723687,873.298505147299,894.3286234537769,890.1442900158119,938.1778506324413,911.0507543654677,950.6820584251776,956.3548118954623
888.2302355085109,888.8280192783909,887.8350688389378,893.3916724068786,902.7412585303906,905.4750369843991,906.1164761497869,907.668625241235,895.7396777925045,882.1468342372357,866.4853660946808,910.2072485060928,898.7371437436067,887.519948686873,866.4946590605244,922.598195393881,869.4647732689275,827.1403445289257,823.6835160028375,823.7906526838038,820.2738745553161,817.5092121305927,830.3713578723733,830.8702610560833,851.1761053176161,866.615525745211,849.9688836960574,878.7625583467038,891.6742350260425,887.7561325799859,933.1401447114499,909.927517845518,948.0160268147795,955.4945467994336
882.1000678652817,882.2332908993684,881.1932431175603,885.9041802542558,898.6097829909561,896.9658646356501,905.9954216366732,898.0441509428487,903.4951695033491,872.4578366960806,873.0323159354082,903.9854587373288,900.4570679437554,878.8661655244382,864.9275022234244,911.1967973254984,868.6848377046139,825.05998266311,821.5711430140913,821.3644747052882,818.324047996885,814.1318978809184,827.8432991391145,827.8779449462897,848.6771574474524,862.1979678926023,849.6209044683555,871.0439362298882,888.7722029913048,885.2318602062415,926.262975783576,907.7122301374171,946.6265454973502,953.5338774181557
876.4182212466294,876.2279663085945,876.0379337129147,879.7100939069485,891.7984419323158,888.7745859055301,905.5287788027817,888.2846915835435,911.1174363635844,862.7006563459133,881.7013557070786,897.8022453671418,903.8605030604779,871.1209858485638,864.7268669491731,906.457423255558,868.5359736851292,821.8320980980291,818.499461219425,818.5012464977453,816.2004045758936,811.8550540379123,826.5611477806463,825.720511300224,847.8570182436997,855.8631112234941,851.5136696951738,865.2556341262099,885.9199429466619,883.4142238071995,918.5937158493778,905.2843787783677,947.0678311302557,952.4263029552651
871.2954439435695,871.1060525803347,872.5290607270748,874.0895531063996,887.2217276436951,881.3223807925278,903.1584919520795,879.0950666155143,917.997571672713,852.0851071675627,896.9265096755264,892.124556768509,907.0346399943041,863.5543183826273,865.4249452863429,898.4085758754193,867.4745032900864,818.5935868762797,815.2078926449738,815.7738945370636,814.3870377313531,809.362251281739,825.9799844651003,824.9035720825203,848.9105457124265,848.4588739304323,855.1561453683045,859.3943575904491,883.6595815022795,882.0695495605477,912.7333337692996,903.2495175316228,945.1053488595154,950.5289960588736
867.5810728527259,867.5194109962108,871.9482970464805,869.3215124947692,883.5184068225687,874.1982374645423,900.0993968418675,869.9536234537768,921.7801967802511,841.4312246413465,912.4510625203459,886.9707358224059,907.9647147769028,856.7651465279723,866.3404090518051,884.698409670876,866.6466395060229,816.1166730608268,812.8208069574273,814.6932169596362,812.4357376098641,807.7221725100571,826.6875334240149,823.5582925705689,851.8324388776515,842.8999869936997,859.7794908796046,855.8293518793023,882.7308959960945,881.8697022937602,909.3134634835388,902.199996221634,947.2532929920023,949.145303635371
866.835222516742,866.3985196068181,870.1842898414257,865.1783512660443,880.408482869467,868.1458809262238,896.1424131847573,860.9450632731129,919.731459844681,831.1718610127775,922.8768899100177,883.1771163940438,902.7420548938578,851.0533294677743,866.9106470743824,865.9542181832458,866.0706478300557,815.2142417544418,811.9873017810648,813.1207673209062,811.0956064860034,807.1182461693181,828.2849971226292,823.0528589884448,855.3505550566182,841.0659953526097,864.7423379080644,855.7187608991359,882.1394210088829,881.8785952613475,909.1514979771214,901.150687808083,951.5317259288978,946.8178769066228
865.2158257620683,865.5941361926859,866.6380259195971,861.2596762520934,877.3143888201041,862.0439987182625,893.0311446416954,851.9886728922535,918.2808263869522,822.8577252342595,924.2683170863569,878.5487925211597,898.7114170619427,845.8352613903236,866.236370994932,844.3649266560881,865.7145273117801,814.3109634036117,811.8733602251333,811.742280324301,810.9237289428719,807.4060109456389,830.8047249203644,824.0124766031909,859.675581432525,842.4052530924487,868.9912378220339,861.8918609619149,883.0233176095153,883.0120500837062,912.3963746570414,900.9476231166304,957.5054771786654,943.5638289678674
863.6698332287025,865.2018661499033,861.4910790579668,857.7090167091014,874.0466846284421,856.6905771891284,889.9376990908677,843.8465132940391,915.188246227447,816.6384092058462,920.6518373035258,872.0468441191182,893.4754159109941,840.7995078677232,866.0568778628403,828.1424516950342,865.7979089646121,813.8081946600059,811.5969018482034,810.2597263881146,811.5060751778747,808.9914094834108,833.3874377296092,826.7520882742754,863.6543691725966,843.9547260829388,871.7610015869149,860.2455226353245,883.1591324579157,883.0912373860685,916.145798456102,900.4244217645563,965.0052751813625,941.017114548457
860.5659822736476,863.3996483939043,856.4372656685973,854.576350257511,871.2259372529537,851.5193114507774,887.3319142659514,837.3353002639053,910.9654003324972,812.2025793166395,918.6600581577854,864.2760939825157,887.6226239885611,836.1239504132959,866.5192947387704,824.0308917817623,866.7902922857384,813.0958704267236,811.1379706973129,809.4607721964526,813.0749627976197,811.1945470174162,836.2212815057671,830.362607683455,866.5976646060044,845.8811249505914,873.0131280081621,861.057274591356,885.1405072893424,884.9613603864406,919.890405564082,900.1690361386262,970.4831521170489,939.2659243629101
857.5852973574692,861.8838010515494,853.3887783232198,852.5280554635192,868.9724092029398,847.1928500220897,885.0557454427092,833.1496298653747,907.3414030529211,813.4716526213153,916.9332798549116,857.3390510195786,881.893488202777,831.5080911545534,868.0863622029631,822.2736006237219,867.3581114269446,812.233099437896,810.33154533023,809.1584883190344,814.8400268554694,813.3165835425975,838.1083621070507,833.6151457287025,867.8200839814695,848.1052976335807,871.792151678177,861.3951681227919,887.8083590552928,887.7042737688345,922.9360685802651,900.5454530261819,970.4222375778934,937.8184465680812
856.1573493594224,860.8693869454528,854.1571618942996,851.4868985130681,867.7409667968759,844.1080649239684,883.2164451962434,831.1646659487778,903.4832531157003,817.4895357404445,915.4216366722479,852.3792172386541,877.4175146193741,829.1324001493915,869.447070893788,822.227460952033,868.409707205637,811.3006288437624,809.5424207051603,809.9012925284258,814.7959867204946,813.9395633879169,838.4543264479872,834.8601942516516,866.777273632232,848.9882540021631,870.2332781837108,861.6835991995683,889.4174884614499,889.1470736549022,923.5422021775028,901.3633589971641,971.6814546130961,938.5337473551442
856.5864443097803,860.2896775745219,854.2364185878216,851.8150351388122,867.6464124407096,843.2144346691321,882.3174420311345,831.8322539556602,902.7006872267959,828.6693691072018,914.630650111608,850.4671427408863,874.8778399512889,829.8763874598919,871.4658330281584,822.7031184605197,869.0902917044511,809.5829360598618,807.6669620332272,807.8807376679928,812.7771464756564,812.0483660016748,835.9634966169093,833.4029530116497,863.0613723028282,849.2040296282096,861.4653832571855,861.7020027523957,888.8361315046045,888.4432416643424,922.8513634091341,900.5714830671046,971.286926269532,938.4792284284329
857.0989020211364,860.3501205444345,855.5032544817252,853.1834843953459,868.95999072847,843.6757401965922,882.7001313709086,833.6405915759866,904.8794933500752,836.1934483846037,914.1386849539629,850.6106280372264,874.708665756953,832.4902928670256,873.7803192138681,823.303650265649,869.5521781558091,805.3629286629821,804.1451831999286,804.0455505734406,808.6575204758424,807.9345159984778,831.6011846633193,829.6499197823669,857.2794494628915,848.8815467471177,855.1580000377844,861.1539571852918,886.0277448381705,885.6460898263123,921.6171460832877,899.6967097691136,969.915308634441,938.9171505882637
859.5125681559252,862.3674959455226,857.8199114118311,855.9362665812182,871.5709584554045,845.626972743444,883.9145504179464,835.8380809965596,905.4496343703504,845.0474726359057,913.5855247860871,850.7936608450761,875.6735778081993,835.8495556059345,875.5039480300185,824.161306835357,869.706456138975,800.5834426879891,799.5529238382983,799.5471759977802,803.5427200680695,803.0371869405119,825.7611665271585,825.3564569382448,851.250898452033,846.3150209699367,843.4202056158165,857.6529083251961,878.960498628163,879.029593331474,918.0309862409329,900.2212437220991,967.2764674595434,940.9685603550511
863.763106209892,866.5022873651421,861.7141698201506,859.699512300038,875.6011377970386,848.258584158762,886.5343885875892,838.6065321422766,907.4273136683881,848.5887273152678,913.6305062430255,851.5219337826691,877.347088405065,838.2018196469269,877.0121565319251,825.0134144737615,869.8001134963271,797.0860639299672,795.9059057689856,795.5221354166674,799.1447243463433,798.6633406139563,820.1472367786234,821.6042673020144,846.242699032739,843.8426313854408,840.2818770635704,854.0760152907606,872.794723510743,873.6314871651794,914.1260484967921,901.2545311337435,962.5346047537677,941.5744004022516
867.846424102783,870.7893791198729,865.4921515328543,863.273291996547,879.2423722403393,850.811371394566,889.2260791233606,840.7799802507676,910.0655953543528,850.801047733852,914.4879531860353,852.4343632289344,878.4129104614259,840.0370744977681,877.9545598711286,827.4047761644636,869.8342835562572,793.9062671661382,792.761634009225,792.296338762556,795.7526092529297,795.4878354753766,816.0262865339008,818.6658810206824,843.0157138279508,842.1727218627932,842.4989880153112,850.7178148542134,868.6224299839563,869.9763521466934,910.5226004464289,902.4261779785156,956.7918984549386,942.4967487880162
872.6666788373673,876.166811261858,869.8755487714495,867.2123718261715,883.2425744192942,853.6362506321497,892.4701102120534,842.80659702846,913.4276210239958,850.9723548889161,915.9791630336215,853.7726407732283,879.4830785478863,841.3359925406321,878.4542977469309,830.7250360761369,869.8158220563618,791.2365425654823,790.0982755933487,789.6005044664655,793.0868306841169,793.1276370457241,812.7249559674946,816.2834112984795,841.1388353620256,840.7756620134626,850.0560842241559,847.2574321201871,865.4365866524831,867.3701368059429,906.6731937953409,903.9964577811104,949.6133891514369,943.4926790509905
878.2238704136437,882.6345837910967,874.8643615359351,871.5167517889107,887.601744333903,856.7332218715119,896.2664818536666,844.6863824753533,917.5133906773162,849.1026487804594,918.1041357857837,855.5367664155503,880.5575926644457,842.0985737755184,878.5113701593312,834.9741942087808,869.7447289966402,789.0768901279995,787.9158305213562,787.4346325283954,791.1473886399041,791.5827453249977,810.2432450794039,814.4568581354049,840.6120636349629,839.6514518374486,862.9531656901041,843.6948670886813,863.2371935163223,865.8128411429268,902.5778285435275,905.9653705415268,940.9990768432615,944.5621911911736
